{
  "project": "final-demo",
  "output": {
    "top_n_repos": 30,
    "bottom_n_repos": 30,
    "include_sections": {
      "contributors": true,
      "organizations": true,
      "repo_feature_matrix": true,
      "inactive_distributions": true,
      "global_summary": true,
      "activity_distribution": true,
      "top_active_repositories": true,
      "least_active_repositories": true,
      "contributor_leaderboards": true,
      "organization_leaderboard": true
    }
  },
  "time_windows": {
    "last_30_days": 30,
    "last_90_days": 90,
    "last_365_days": 365,
    "last_3_years": 1095
  },
  "activity_threshold_days": 365,
  "age_buckets": {
    "very_old_years": 3,
    "old_years": 1
  },
  "features": {
    "enabled": [
      "dependabot",
      "github2gerrit_workflow",
      "pre_commit",
      "readthedocs",
      "sonatype_config",
      "project_types",
      "workflows"
    ]
  },
  "workflows": {
    "classify": {
      "verify": [
        "verify",
        "test",
        "ci",
        "check"
      ],
      "merge": [
        "merge",
        "release",
        "deploy",
        "publish"
      ]
    }
  },
  "performance": {
    "max_workers": 8,
    "cache": false
  },
  "render": {
    "show_net_lines": true,
    "show_added_removed": false,
    "abbreviate_large_numbers": true,
    "large_number_threshold": 10000,
    "emoji": {
      "active": "\u2705",
      "inactive": "\u26a0\ufe0f",
      "missing": "\u274c",
      "present": "\u2705",
      "very_old": "\ud83d\udd34",
      "old": "\ud83d\udfe1"
    },
    "max_repo_name_length": 50,
    "max_author_name_length": 30
  },
  "privacy": {
    "mask_emails": false,
    "anonymize_authors": false
  },
  "logging": {
    "level": "DEBUG",
    "include_timestamps": true,
    "log_per_repo_timing": false
  },
  "data_quality": {
    "unknown_email_placeholder": "unknown@unknown",
    "skip_binary_changes": true,
    "max_history_years": 10
  },
  "extensions": {
    "github_api": {
      "enabled": false,
      "include_issues": false,
      "include_prs": false
    },
    "language_analysis": {
      "enabled": false
    },
    "security_scanning": {
      "enabled": false
    }
  },
  "schema_version": "1.0.0"
}